customer_state,pedidos,receita,ticket_medio,participacao_receita_pct
SP,40406,5755999.76,142.4540850368757,37.441975059427115
RJ,12310,2046357.64,166.23538911454102,13.311270832914026
MG,11319,1813954.27,160.2574670907324,11.799519348187278
RS,5328,858574.68,161.1438963963964,5.584908459971101
PR,4903,779214.08,158.9259800122374,5.068678833529772
SC,3537,592627.06,167.55076618603337,3.8549563108497455
BA,3253,590816.8,181.62213341530895,3.84318082221229
DF,2074,344923.24,166.30821600771455,2.2436775343953097
GO,1950,333156.23,170.84934871794871,2.16713477669651
ES,1992,316666.12,158.9689357429719,2.0598689127126644
PE,1587,307428.1,193.71650913673597,1.9997768819863653
CE,1273,264551.39,207.81727415553812,1.7208698678466898
PA,942,210740.48,223.71600849256902,1.3708374088208268
MT,885,181122.98,204.65873446327686,1.1781797051098413
MA,713,146804.7,205.89719495091165,0.9549440835985513
PB,516,137763.81,266.98412790697677,0.8961343560083221
MS,701,134367.55,191.67981455064194,0.8740421587328777
PI,475,104932.1,220.90968421052634,0.6825686648627158
RN,470,99833.44,212.41157446808512,0.649402593195524
AL,396,94095.89,237.61588383838384,0.6120806312498175
SE,332,69943.21,210.67231927710844,0.4549708189001512
TO,274,60007.37,219.005,0.39033956647034596
RO,243,56966.0,234.42798353909464,0.3705558791120112
AM,145,27585.47,190.2446206896552,0.17943963217652653
AC,80,19575.33,244.69162500000002,0.12733478947192584
AP,67,16141.81,240.92253731343283,0.1050002210969535
RR,40,8970.5,224.2625,0.05835185046473855
