purchase_year_month,pedidos,receita,ticket_medio,crescimento_receita_pct
2017-01,750,127482.37,169.97649333333334,
2017-02,1653,271239.32,164.08912280701756,112.76614170257426
2017-03,2546,414330.95,162.73800078554595,52.754751781563236
2017-04,2303,390812.4,169.6970907511941,-5.676271589172854
2017-05,3546,566851.4,159.85657078398197,45.04437423172858
2017-06,3135,490050.37,156.31590749601276,-13.548706062999937
2017-07,3872,566299.08,146.2549276859504,15.55936178560582
2017-08,4193,645832.36,154.02632005723825,14.044395057113634
2017-09,4150,701077.49,168.93433493975903,8.554097537014105
2017-10,4478,751117.01,167.73492853952658,7.137516282258627
2017-11,7289,1153364.2,158.23352997667718,53.553199387669295
2017-12,5513,843078.29,152.92550154181026,-26.902682604506012
2018-01,7069,1077887.46,152.48089687367377,27.851407489095692
2018-02,6555,966168.41,147.39411289092297,-10.364630274110432
2018-03,7003,1120598.24,160.01688419248893,15.983738280161731
2018-04,6798,1132878.93,166.64885701676963,1.0959048088456713
2018-05,6749,1128774.52,167.2506326863239,-0.3622990852164554
2018-06,6099,1011978.29,165.9252811936383,-10.347171018707968
2018-07,6159,1027807.28,166.8789219029063,1.5641630019552988
2018-08,6351,985491.64,155.17109746496615,-4.117079225202613
