product_category_name,product_category_name_english,pedidos,itens,receita,participacao_receita_pct
BELEZA_SAUDE,HEALTH_BEAUTY,8610,9422,1407759.78,9.157280884324537
RELOGIOS_PRESENTES,WATCHES_GIFTS,5491,5855,1261539.41,8.206137785819575
CAMA_MESA_BANHO,BED_BATH_TABLE,9267,10945,1224602.68,7.965869512521942
ESPORTE_LAZER,SPORTS_LEISURE,7513,8414,1115766.15,7.257903075460348
INFORMATICA_ACESSORIOS,COMPUTERS_ACCESSORIES,6518,7632,1031861.93,6.712117835083499
MOVEIS_DECORACAO,FURNITURE_DECOR,6258,8095,873430.57,5.681543950947145
UTILIDADES_DOMESTICAS,HOUSEWARES,5734,6783,756849.71,4.923201728131179
COOL_STUFF,COOL_STUFF,3552,3711,690444.01,4.491241918041855
AUTOMOTIVO,AUTO,3802,4132,668103.48,4.345919888515851
FERRAMENTAS_JARDIM,GARDEN_TOOLS,3443,4263,565680.49,3.679672634000338
BRINQUEDOS,TOYS,3782,4006,542469.53,3.528688578812442
BEBES,BABY,2800,2971,465210.1,3.0261267699555288
PERFUMARIA,PERFUMERY,3060,3311,437856.43,2.848194964426093
TELEFONIA,TELEPHONY,4086,4422,378868.37,2.4644858672380847
MOVEIS_ESCRITORIO,OFFICE_FURNITURE,1248,1662,333623.81,2.170176319335193
PAPELARIA,STATIONERY,2264,2466,269575.05,1.7535480749818204
PET_SHOP,PET_SHOP,1684,1920,249838.34,1.625163531134107
PCS,COMPUTERS,177,199,228349.76,1.4853833174492992
INSTRUMENTOS_MUSICAIS,MUSICAL_INSTRUMENTS,611,651,202187.12,1.3151989958348087
ELETRONICOS,ELECTRONICS,2516,2728,200603.3,1.3048964677925519
ELETROPORTATEIS,SMALL_APPLIANCES,609,658,198108.47,1.288667946852254
SEM CATEGORIA,SEM CATEGORIA,1390,1535,197599.77,1.2853589243527932
FASHION_BOLSAS_E_ACESSORIOS,FASHION_BAGS_ACCESSORIES,1812,1976,179365.69,1.1667487789292295
MALAS_ACESSORIOS,LUGGAGE_ACCESSORIES,1019,1077,168778.12,1.0978781138130205
CONSOLES_GAMES,CONSOLES_GAMES,1011,1082,163312.37,1.0623241729315038
CONSTRUCAO_FERRAMENTAS_CONSTRUCAO,CONSTRUCTION_TOOLS_CONSTRUCTION,736,916,162382.01,1.0562723109841905
ELETRODOMESTICOS_2,HOME_APPLIANCES_2,227,231,118208.52,0.7689299239393632
CASA_CONSTRUCAO,HOME_CONSTRUCTION,483,596,95022.37,0.6181072543386722
ELETRODOMESTICOS,HOME_APPLIANCES,747,754,93301.78,0.6069150565357488
MOVEIS_SALA,FURNITURE_LIVING_ROOM,414,495,85045.07,0.5532063103955436
AGRO_INDUSTRIA_E_COMERCIO,AGRO_INDUSTRY_AND_COMMERCE,177,206,76203.3,0.4956918306136349
CASA_CONFORTO,HOME_CONFORT,392,429,66438.22,0.4321713481504267
TELEFONIA_FIXA,FIXED_TELEPHONY,207,250,59042.090000000004,0.38406055479690493
CLIMATIZACAO,AIR_CONDITIONING,242,281,58350.94,0.3795647205124499
MOVEIS_COZINHA_AREA_DE_SERVICO_JANTAR_E_JARDIM,KITCHEN_DINING_LAUNDRY_GARDEN_FURNITURE,241,274,57072.97,0.37125170403193913
AUDIO,AUDIO,346,360,56072.29,0.36474242029936516
LIVROS_INTERESSE_GERAL,BOOKS_GENERAL_INTEREST,496,537,54182.54,0.3524498603065287
PORTATEIS_CASA_FORNO_E_CAFE,SMALL_APPLIANCES_HOME_OVEN_AND_COFFEE,72,73,49245.9,0.3203377061257977
CONSTRUCAO_FERRAMENTAS_ILUMINACAO,CONSTRUCTION_TOOLS_LIGHTS,242,301,47447.14,0.30863702338325794
INDUSTRIA_COMERCIO_E_NEGOCIOS,INDUSTRY_COMMERCE_AND_BUSINESS,229,261,45645.78,0.2969194280036067
CONSTRUCAO_FERRAMENTAS_SEGURANCA,CONSTRUCTION_TOOLS_SAFETY,159,183,42504.02,0.27648271770695687
ALIMENTOS,FOOD,440,498,35698.45,0.23221343472748968
MARKET_PLACE,MARKET_PLACE,269,294,31972.43,0.20797619467747852
CONSTRUCAO_FERRAMENTAS_JARDIM,COSTRUCTION_TOOLS_GARDEN,190,232,30283.94,0.19699280289427729
SINALIZACAO_E_SEGURANCA,SIGNALING_AND_SECURITY,138,197,27792.59,0.1807869188682669
FASHION_CALCADOS,FASHION_SHOES,234,256,27773.88,0.1806652129296687
ARTES,ART,195,197,27485.53,0.17878953642540388
BEBIDAS,DRINKS,287,361,26971.11,0.17544330612429795
MOVEIS_QUARTO,FURNITURE_BEDROOM,90,103,23379.22,0.15207856300342512
LIVROS_TECNICOS,BOOKS_TECHNICAL,256,263,22901.07,0.148968263990024
ALIMENTOS_BEBIDAS,FOOD_DRINK,221,269,19337.77,0.1257894948287729
CONSTRUCAO_FERRAMENTAS_FERRAMENTAS,COSTRUCTION_TOOLS_TOOLS,97,103,17934.170000000002,0.11665927273275742
FASHION_ROUPA_MASCULINA,FASHION_MALE_CLOTHING,105,124,12479.09,0.08117473871200204
ARTIGOS_DE_NATAL,CHRISTMAS_SUPPLIES,125,150,11928.75,0.07759485382434089
FASHION_UNDERWEAR_E_MODA_PRAIA,FASHION_UNDERWEAR_BEACH,117,127,11160.02,0.07259437246792169
TABLETS_IMPRESSAO_IMAGEM,TABLETS_PRINTING_IMAGE,79,83,8754.61,0.056947516147049196
CINE_FOTO,CINE_PHOTO,63,70,7902.18,0.051402577972849646
MUSICA,MUSIC,38,38,6724.860000000001,0.043744275694365065
MOVEIS_COLCHAO_E_ESTOFADO,FURNITURE_MATTRESS_AND_UPHOLSTERY,37,37,5904.75,0.03840957460918176
DVDS_BLU_RAY,DVDS_BLU_RAY,56,61,5769.84,0.037532003888909996
ARTIGOS_DE_FESTAS,PARTY_SUPPLIES,38,42,5285.38,0.03438065920621146
LIVROS_IMPORTADOS,BOOKS_IMPORTED,50,57,5150.94,0.033506145770340605
PORTATEIS_COZINHA_E_PREPARADORES_DE_ALIMENTOS,PORTATEIS_COZINHA_E_PREPARADORES_DE_ALIMENTOS,13,14,4228.05,0.027502875130420587
FASHION_ROUPA_FEMININA,FASHIO_FEMALE_CLOTHING,35,44,3148.81,0.020482569562663554
FASHION_ESPORTE,FASHION_SPORT,26,29,2657.5499999999997,0.017286991829058126
LA_CUISINE,LA_CUISINE,13,14,2388.54,0.01553711932546086
ARTES_E_ARTESANATO,ARTS_AND_CRAFTMANSHIP,23,24,2184.14,0.014207525854083282
FRALDAS_HIGIENE,DIAPERS_AND_HYGIENE,24,36,1895.2,0.01232801148216627
FLORES,FLOWERS,29,33,1598.91,0.010400686386107255
PC_GAMER,PC_GAMER,7,8,1430.1,0.009302600897343805
CASA_CONFORTO_2,HOME_COMFORT_2,24,30,1170.58,0.007614459519203351
CDS_DVDS_MUSICAIS,CDS_DVDS_MUSICALS,12,14,954.99,0.006212076659642236
FASHION_ROUPA_INFANTO_JUVENIL,FASHION_CHILDRENS_CLOTHES,7,7,598.67,0.003894264792121401
SEGUROS_E_SERVICOS,SECURITY_AND_SERVICES,2,2,324.51,0.0021108922573225917
