customer_state,total_pedidos,ticket_medio,media_dias_transporte,taxa_atraso_perc,renda_media_ibge,populacao_estimada
SP,40428,125.14218957158405,5.597203752315502,5.896903136440091,2956,44420459
RJ,12333,142.5619751885186,12.010141307310107,13.492256547474257,2794,16054524
MG,11328,136.7070082980226,8.785417495283728,5.632062146892655,2353,20869101
RS,5327,136.41293974094236,12.094402400159217,7.1710155810024405,2839,10880506
PR,4912,135.2426587947883,8.787026551566836,5.00814332247557,2762,11433957
SC,3535,143.01133804809052,11.653430670150348,9.787835926449787,2809,7610361
BA,3252,151.58156826568265,16.03485147316751,14.022140221402212,1465,14141626
DF,2077,142.6049157438613,9.809729433031972,7.077515647568608,4538,2817068
ES,1989,134.35825037707392,12.414492247872559,12.267471091000502,2249,3885049
GO,1951,144.65910814966682,12.449580301886972,8.200922603792925,2407,7050695
PE,1592,158.17373743718593,15.17077679339987,10.804020100502512,1600,9058931
CE,1278,171.9032785602504,17.93810492197009,15.336463223787167,1390,8794957
PA,945,184.52655026455025,20.29318692435822,12.380952380952381,1420,8121025
MT,883,171.96654586636467,14.933112390419865,6.795016987542468,2335,3658649
MA,714,163.70420168067227,17.991156548267455,19.747899159663866,1219,6775152
MS,699,164.8583261802575,12.470135428257299,11.587982832618025,2454,2756700
PB,517,217.76947775628628,16.9240615597464,11.02514506769826,1543,3974687
RN,474,173.21869198312237,15.683920241443976,10.759493670886076,1819,3302406
PI,473,178.5372093023256,16.30832119646073,16.0676532769556,1546,3271199
AL,397,198.6290176322418,21.085232764250396,23.929471032745592,1422,3127683
SE,334,169.15026946107784,17.963282324240406,15.269461077844312,1697,2209558
TO,273,176.63959706959707,14.281821665988332,12.82051282051282,2036,1511460
RO,243,187.99489711934157,16.52337215172992,2.880658436213992,1991,1581196
AM,145,152.79889655172414,23.519522749042146,4.137931034482759,1484,3938336
AC,80,199.137125,17.556666666666665,3.75,1392,830018
AP,67,199.62402985074627,23.663523700939745,4.477611940298507,1697,733508
RR,41,172.13341463414633,25.644175700090333,12.195121951219512,1878,636707
