product_category_name,product_category_name_english,pedidos,review_medio,pct_atraso,receita
CAMA_MESA_BANHO,BED_BATH_TABLE,9417,3.9707398260496083,7.43097497842968,1036988.68
BELEZA_SAUDE,HEALTH_BEAUTY,8836,4.181203207539999,7.515319690137588,1258681.34
ESPORTE_LAZER,SPORTS_LEISURE,7720,4.16736210718477,6.573705179282868,988048.97
INFORMATICA_ACESSORIOS,COMPUTERS_ACCESSORIES,6689,4.026244548052339,6.386889263286874,911954.32
MOVEIS_DECORACAO,FURNITURE_DECOR,6449,4.009690528290091,7.1190740447122245,729762.49
UTILIDADES_DOMESTICAS,HOUSEWARES,5884,4.1422214615779565,5.363050670381334,632248.66
RELOGIOS_PRESENTES,WATCHES_GIFTS,5624,4.065459110473458,7.391225195703623,1205005.68
TELEFONIA,TELEPHONY,4199,4.003119001919385,7.1096994869289025,323667.52999999997
AUTOMOTIVO,AUTO,3897,4.090147020892442,7.298503544237332,592720.11
BRINQUEDOS,TOYS,3886,4.189332987282637,6.38801261829653,483946.6
COOL_STUFF,COOL_STUFF,3632,4.169630452903585,5.9005338578252315,635290.85
FERRAMENTAS_JARDIM,GARDEN_TOOLS,3518,4.136155606407323,6.525522041763342,485256.46
PERFUMARIA,PERFUMERY,3162,4.203333333333333,6.541450777202072,399124.87
BEBES,BABY,2885,4.038622859140161,8.04556781772873,411764.89
ELETRONICOS,ELECTRONICS,2550,4.095219280916634,7.628128724672228,160246.74
PAPELARIA,STATIONERY,2311,4.244662309368191,6.5371024734982335,230943.23
FASHION_BOLSAS_E_ACESSORIOS,FASHION_BAGS_ACCESSORIES,1864,4.189590075512406,5.601317957166392,152823.54
PET_SHOP,PET_SHOP,1710,4.238095238095238,5.0947867298578196,214315.41
SEM CATEGORIA,SEM CATEGORIA,1451,3.912786657400973,7.255747126436781,179535.28
MOVEIS_ESCRITORIO,OFFICE_FURNITURE,1273,3.616389548693587,8.054226475279107,273960.7
CONSOLES_GAMES,CONSOLES_GAMES,1062,4.065114068441065,6.090373280943026,157465.22
MALAS_ACESSORIOS,LUGGAGE_ACCESSORIES,1034,4.331067961165049,4.317958783120707,140429.98
ELETRODOMESTICOS,HOME_APPLIANCES,764,4.160096364432764,4.417670682730924,80171.53
CONSTRUCAO_FERRAMENTAS_CONSTRUCAO,CONSTRUCTION_TOOLS_CONSTRUCTION,748,4.0814266487214,7.336956521739131,144677.59
ELETROPORTATEIS,SMALL_APPLIANCES,630,4.173076923076923,4.761904761904762,190648.58
INSTRUMENTOS_MUSICAIS,MUSICAL_INSTRUMENTS,628,4.181672025723473,7.528641571194762,191498.88
LIVROS_INTERESSE_GERAL,BOOKS_GENERAL_INTEREST,512,4.46259842519685,6.4646464646464645,46856.88
CASA_CONSTRUCAO,HOME_CONSTRUCTION,490,3.9671457905544147,6.004140786749482,83088.12
ALIMENTOS,FOOD,450,4.276404494382023,7.029478458049887,29393.41
MOVEIS_SALA,FURNITURE_LIVING_ROOM,422,4.028776978417266,7.487922705314009,68916.56
CASA_CONFORTO,HOME_CONFORT,397,3.8632911392405065,9.438775510204081,58572.04
AUDIO,AUDIO,350,3.8342939481268012,11.781609195402298,50688.5
BEBIDAS,DRINKS,297,4.162162162162162,5.2264808362369335,22428.7
MARKET_PLACE,MARKET_PLACE,280,4.028776978417266,4.014598540145985,28378.47
LIVROS_TECNICOS,BOOKS_TECHNICAL,260,4.400778210116732,8.203125,19096.06
CLIMATIZACAO,AIR_CONDITIONING,253,4.028112449799197,4.0650406504065035,55024.96
MOVEIS_COZINHA_AREA_DE_SERVICO_JANTAR_E_JARDIM,KITCHEN_DINING_LAUNDRY_GARDEN_FURNITURE,248,4.048780487804878,4.564315352697095,46328.37
CONSTRUCAO_FERRAMENTAS_ILUMINACAO,CONSTRUCTION_TOOLS_LIGHTS,244,4.124481327800829,6.6115702479338845,41080.0
FASHION_CALCADOS,FASHION_SHOES,240,4.218220338983051,4.680851063829787,23562.77
INDUSTRIA_COMERCIO_E_NEGOCIOS,INDUSTRY_COMMERCE_AND_BUSINESS,235,4.1888412017167385,6.926406926406926,39669.61
ELETRODOMESTICOS_2,HOME_APPLIANCES_2,234,4.133620689655173,6.167400881057269,113317.74
ALIMENTOS_BEBIDAS,FOOD_DRINK,227,4.382743362831858,3.619909502262444,15179.48
TELEFONIA_FIXA,FIXED_TELEPHONY,217,3.9018691588785046,4.716981132075472,59583.0
ARTES,ART,202,4.025,6.153846153846154,24202.64
CONSTRUCAO_FERRAMENTAS_JARDIM,COSTRUCTION_TOOLS_GARDEN,194,4.190721649484536,5.263157894736842,25715.89
AGRO_INDUSTRIA_E_COMERCIO,AGRO_INDUSTRY_AND_COMMERCE,182,4.021978021978022,3.954802259887006,72530.47
PCS,COMPUTERS,181,4.174157303370786,5.649717514124294,222963.13
CONSTRUCAO_FERRAMENTAS_SEGURANCA,CONSTRUCTION_TOOLS_SAFETY,167,3.8493975903614457,2.515723270440252,40544.52
SINALIZACAO_E_SEGURANCA,SIGNALING_AND_SECURITY,140,4.108695652173913,4.3478260869565215,21509.23
ARTIGOS_DE_NATAL,CHRISTMAS_SUPPLIES,128,4.055555555555555,8.0,8800.82
FASHION_UNDERWEAR_E_MODA_PRAIA,FASHION_UNDERWEAR_BEACH,121,3.933333333333333,9.401709401709402,9541.55
FASHION_ROUPA_MASCULINA,FASHION_MALE_CLOTHING,112,3.7027027027027026,4.716981132075472,10797.82
CONSTRUCAO_FERRAMENTAS_FERRAMENTAS,COSTRUCTION_TOOLS_TOOLS,97,4.425531914893617,6.185567010309279,15903.95
MOVEIS_QUARTO,FURNITURE_BEDROOM,95,4.131578947368421,6.666666666666667,20028.78
TABLETS_IMPRESSAO_IMAGEM,TABLETS_PRINTING_IMAGE,79,4.1558441558441555,5.063291139240507,7528.41
PORTATEIS_CASA_FORNO_E_CAFE,SMALL_APPLIANCES_HOME_OVEN_AND_COFFEE,75,4.293333333333333,5.555555555555555,47445.71
CINE_FOTO,CINE_PHOTO,65,4.230769230769231,6.349206349206349,6933.46
DVDS_BLU_RAY,DVDS_BLU_RAY,59,4.086206896551724,7.142857142857142,5999.39
LIVROS_IMPORTADOS,BOOKS_IMPORTED,53,4.320754716981132,4.0,4639.85
ARTIGOS_DE_FESTAS,PARTY_SUPPLIES,39,4.0,0.0,4485.18
FASHION_ROUPA_FEMININA,FASHIO_FEMALE_CLOTHING,39,3.730769230769231,5.555555555555555,2803.64
MOVEIS_COLCHAO_E_ESTOFADO,FURNITURE_MATTRESS_AND_UPHOLSTERY,38,3.8157894736842106,13.513513513513514,4368.08
MUSICA,MUSIC,38,4.2105263157894735,5.263157894736842,6034.35
FLORES,FLOWERS,29,4.392857142857143,3.4482758620689653,1110.04
FRALDAS_HIGIENE,DIAPERS_AND_HYGIENE,27,3.740740740740741,0.0,1567.59
FASHION_ESPORTE,FASHION_SPORT,27,4.2592592592592595,3.8461538461538463,2119.51
CASA_CONFORTO_2,HOME_COMFORT_2,24,3.8260869565217392,12.5,760.27
ARTES_E_ARTESANATO,ARTS_AND_CRAFTMANSHIP,23,4.173913043478261,4.3478260869565215,1814.01
PORTATEIS_COZINHA_E_PREPARADORES_DE_ALIMENTOS,PORTATEIS_COZINHA_E_PREPARADORES_DE_ALIMENTOS,14,3.4285714285714284,7.6923076923076925,3968.5299999999997
LA_CUISINE,LA_CUISINE,13,4.25,0.0,2054.99
CDS_DVDS_MUSICAIS,CDS_DVDS_MUSICALS,12,4.666666666666667,0.0,730.0
FASHION_ROUPA_INFANTO_JUVENIL,FASHION_CHILDRENS_CLOTHES,8,4.5,0.0,569.85
PC_GAMER,PC_GAMER,8,3.125,0.0,1545.95
SEGUROS_E_SERVICOS,SECURITY_AND_SERVICES,2,2.5,0.0,283.28999999999996
